{"__type__":"cc.AnimationClip","_name":"loading","_duration":0.8333333333333334,"curveData":{"paths":{"dots/dotLight":{"props":{"opacity":[{"frame":0,"value":255},{"frame":0.16666666666666666,"value":0},{"frame":0.6666666666666666,"value":0},{"frame":0.8333333333333334,"value":255}]}}}}}